{
  "fibra":[
    {
      "type": "fibra",
      "id": 1,
      "franquia": "100",
      "franquia_desc": "MEGA",
      "canais": "+2 CANAIS ONLINE",
      "valor": "108",
      "centavos": "75",
      "taxa": "12x R$ 10,00",
      "upload": "100MB",
      "download": "60MB",
      "promocao": {
        "flag": true,
        "valor": "145.00",
        "validade": "Desconto válido por 12 meses."
      },
      "imagens":
      [
        "http://timpromocao.com.br/wp-content/uploads/2019/01/eiplus.png",
        "http://timpromocao.com.br/wp-content/uploads/2019/01/cartoon.png"
      ]
    },
    {
      "type": "fibra",
      "id": 2,
      "franquia": "150",
      "franquia_desc": "MEGA",
      "canais": "+13 CANAIS ONLINE",
      "valor": "120",
      "centavos": "00",
      "taxa": "12x R$ 10,00",
      "upload": "150MB",
      "download": "60MB",
      "promocao": {
        "flag": true,
        "valor": "160.00",
        "validade": "Desconto válido por 12 meses."
      },
      "imagens":
      [
        "http://timpromocao.com.br/wp-content/uploads/2019/01/eiplus.png",
        "http://timpromocao.com.br/wp-content/uploads/2019/01/cartoon.png",
        "http://timpromocao.com.br/wp-content/uploads/2019/01/fox-1.png"
      ]
    },
    {
      "type": "fibra",
      "id": 3,
      "franquia": "300",
      "franquia_desc": "MEGA",
      "canais": "+13 CANAIS ONLINE",
      "valor": "180",
      "centavos": "00",
      "taxa": "12x R$ 30,00",
      "upload": "300MB",
      "download": "180MB",
      "promocao": {
        "flag": true,
        "valor": "240.00",
        "validade": "Desconto válido por 12 meses."
      },
      "imagens":
      [
        "http://timpromocao.com.br/wp-content/uploads/2019/01/eiplus.png",
        "http://timpromocao.com.br/wp-content/uploads/2019/01/cartoon.png",
        "http://timpromocao.com.br/wp-content/uploads/2019/01/fox-1.png"
      ]
    },
    {
      "type": "fibra",
      "id": 4,
      "franquia": "500",
      "franquia_desc": "MEGA",
      "canais": "+13 CANAIS ONLINE",
      "valor": "450",
      "centavos": "00",
      "taxa": "12x R$ 30,00",
      "upload": "500MB",
      "download": "250MB",
      "promocao": {
        "flag": false,
        "valor": "",
        "validade": ""
      },
      "imagens":
      [
        "http://timpromocao.com.br/wp-content/uploads/2019/01/eiplus.png",
        "http://timpromocao.com.br/wp-content/uploads/2019/01/cartoon.png",
        "http://timpromocao.com.br/wp-content/uploads/2019/01/fox-1.png",
        "http://timpromocao.com.br/wp-content/uploads/2019/01/looke-2.png"
      ]
    },
    {
      "type": "fibra",
      "id": 5,
      "franquia": "1",
      "franquia_desc": "GIGA",
      "canais": "+13 CANAIS ONLINE",
      "valor": "860",
      "centavos": "00",
      "taxa": "12x R$ 50,00",
      "upload": "1GB",
      "download": "300MB",
      "promocao": {
        "flag": false,
        "valor": "",
        "validade": ""
      },
      "imagens":
      [
        "http://timpromocao.com.br/wp-content/uploads/2019/01/eiplus.png",
        "http://timpromocao.com.br/wp-content/uploads/2019/01/cartoon.png",
        "http://timpromocao.com.br/wp-content/uploads/2019/01/fox-1.png",
        "http://timpromocao.com.br/wp-content/uploads/2019/01/looke-2.png"
      ]
    },
    {
      "type": "fibra",
      "id": 6,
      "franquia": "2",
      "franquia_desc": "GIGAS",
      "canais": "+13 CANAIS ONLINE",
      "valor": "1.560",
      "centavos": "00",
      "taxa": "12x R$ 50,00",
      "upload": "2GB",
      "download": "500MB",
      "promocao": {
        "flag": false,
        "valor": "",
        "validade": ""
      },
      "imagens":
      [
        "http://timpromocao.com.br/wp-content/uploads/2019/01/eiplus.png",
        "http://timpromocao.com.br/wp-content/uploads/2019/01/cartoon.png",
        "http://timpromocao.com.br/wp-content/uploads/2019/01/fox-1.png",
        "http://timpromocao.com.br/wp-content/uploads/2019/01/looke-2.png"
      ]
    }
  ],
  "fourG":[
    {
      "type": "4g",
      "id": 101,
      "franquia": "2",
      "franquia_desc": "MEGA",
      "canais": "+13 CANAIS ONLINE",
      "valor": "83",
      "centavos": "90",
      "taxa": "12x R$ 50,00",
      "upload": "2MB",
      "download": "2MB",
      "promocao": {
        "flag": true,
        "valor": "109,90",
        "validade": "Desconto válido por 12 meses."
      },
      "imagens":
      [
        "http://timpromocao.com.br/wp-content/uploads/2019/01/eiplus.png",
        "http://timpromocao.com.br/wp-content/uploads/2019/01/cartoon.png",
        "http://timpromocao.com.br/wp-content/uploads/2019/01/fox-1.png",
        "http://timpromocao.com.br/wp-content/uploads/2019/01/looke-2.png"
      ]
    },
    {
      "type": "4g",
      "id": 102,
      "franquia": "4",
      "franquia_desc": "MEGA",
      "canais": "+13 CANAIS ONLINE",
      "valor": "109",
      "centavos": "90",
      "taxa": "12x R$ 50,00",
      "upload": "4MB",
      "download": "4MB",
      "promocao": {
        "flag": true,
        "valor": "119,90",
        "validade": "Desconto válido por 12 meses."
      },
      "imagens":
      [
        "http://timpromocao.com.br/wp-content/uploads/2019/01/eiplus.png",
        "http://timpromocao.com.br/wp-content/uploads/2019/01/cartoon.png",
        "http://timpromocao.com.br/wp-content/uploads/2019/01/fox-1.png",
        "http://timpromocao.com.br/wp-content/uploads/2019/01/looke-2.png"
      ]
    }
  ]
}
